,R_MEAN,G_MEAN,B_MEAN
0,0.5514569930299645,0.6148178485278445,0.670816048041946
