,R_STD,G_STD,B_STD
0,0.21201244177066295,0.21199000827746403,0.21199127444251958
