,R_MEAN,G_MEAN,B_MEAN
0,0.2082946035683011,0.2082298517705837,0.20822414060704353
