,R_STD,G_STD,B_STD
0,0.25726634472840193,0.24643440392862595,0.2407833099560657
